timestamp,Title,Rating,Colors,Size,Gender,Price
2025-05-24T09:19:31.296190,T-shirt 2,3.9,3,M,Women,1634400.0
2025-05-24T09:19:31.297191,Hoodie 3,4.8,3,L,Unisex,7950080.0
2025-05-24T09:19:31.297191,Pants 4,3.3,3,XL,Men,7476960.0
2025-05-24T09:19:31.297191,Outerwear 5,3.5,3,XXL,Women,5145440.0
2025-05-24T09:19:31.297191,Jacket 6,3.3,3,S,Unisex,2453920.0
2025-05-24T09:19:31.298191,Crewneck 7,4.3,3,M,Men,6892000.0
2025-05-24T09:19:31.298191,T-shirt 8,3.1,3,L,Women,7802560.0
2025-05-24T09:19:31.298191,Hoodie 9,3.2,3,XL,Unisex,3972160.0
2025-05-24T09:19:31.299194,Pants 10,4.2,3,XXL,Men,3100160.0
2025-05-24T09:19:31.299194,Jacket 12,3.9,3,M,Unisex,8527840.0
2025-05-24T09:19:31.299194,Crewneck 13,3.2,3,L,Men,5447200.0
2025-05-24T09:19:31.300191,T-shirt 14,3.8,3,XL,Women,3248800.0
2025-05-24T09:19:31.300191,Hoodie 15,3.6,3,XXL,Unisex,2184160.0
2025-05-24T09:19:31.300191,Outerwear 17,3.8,3,M,Women,841600.0
2025-05-24T09:19:31.300191,Jacket 18,3.8,3,L,Unisex,5500000.0
2025-05-24T09:19:31.300191,Crewneck 19,3.6,3,XL,Men,1308960.0
2025-05-24T09:19:31.300191,T-shirt 20,3.4,3,XXL,Women,1325600.0
2025-05-24T09:19:32.634725,Pants 22,4.9,3,M,Men,4319680.0
2025-05-24T09:19:32.634725,Outerwear 23,3.7,3,L,Women,4655840.0
2025-05-24T09:19:32.634725,Jacket 24,3.9,3,XL,Unisex,8223520.0
2025-05-24T09:19:32.634725,Crewneck 25,3.3,3,XXL,Men,8322559.999999999
2025-05-24T09:19:32.634725,T-shirt 26,4.6,3,S,Women,7292320.0
2025-05-24T09:19:32.634725,Hoodie 27,4.8,3,M,Unisex,3551840.0
2025-05-24T09:19:32.635727,Pants 28,4.0,3,L,Men,5216160.0
2025-05-24T09:19:32.635727,Outerwear 29,3.1,3,XL,Women,861600.0
2025-05-24T09:19:32.635727,Jacket 30,3.7,3,XXL,Unisex,8610240.0
2025-05-24T09:19:32.635727,T-shirt 32,3.4,3,M,Women,6657920.0
2025-05-24T09:19:32.636725,Hoodie 33,3.5,3,L,Unisex,7248160.0
2025-05-24T09:19:32.636725,Pants 34,3.8,3,XL,Men,8362719.999999999
2025-05-24T09:19:32.636725,Outerwear 35,3.8,3,XXL,Women,1356160.0
2025-05-24T09:19:32.636725,Jacket 36,3.7,3,S,Unisex,7249280.0
2025-05-24T09:19:32.636725,Crewneck 37,4.0,3,M,Men,6006080.0
2025-05-24T09:19:32.637726,T-shirt 38,3.2,3,L,Women,4866080.0
2025-05-24T09:19:32.637726,Hoodie 39,4.6,3,XL,Unisex,6431200.0
2025-05-24T09:19:32.637726,Pants 40,3.1,3,XXL,Men,5853600.0
2025-05-24T09:19:33.835225,Jacket 42,3.7,3,M,Unisex,6744160.0
2025-05-24T09:19:33.835225,Crewneck 43,4.5,3,L,Men,2909600.0
2025-05-24T09:19:33.835225,T-shirt 44,3.0,3,XL,Women,3312320.0
2025-05-24T09:19:33.836226,Hoodie 45,4.5,3,XXL,Unisex,8693120.0
2025-05-24T09:19:33.836226,Outerwear 47,3.2,3,M,Women,6364640.0
2025-05-24T09:19:33.836226,Jacket 48,3.4,3,L,Unisex,4994720.0
2025-05-24T09:19:33.836226,Crewneck 49,4.0,3,XL,Men,1071200.0
2025-05-24T09:19:33.837227,T-shirt 50,3.1,3,XXL,Women,5932960.0
2025-05-24T09:19:33.837227,Pants 52,4.0,3,M,Men,1596480.0
2025-05-24T09:19:33.838234,Outerwear 53,4.3,3,L,Women,4470880.0
2025-05-24T09:19:33.838234,Jacket 54,4.2,3,XL,Unisex,854560.0
2025-05-24T09:19:33.838234,Crewneck 55,3.6,3,XXL,Men,1793760.0
2025-05-24T09:19:33.838234,T-shirt 56,3.8,3,S,Women,4643040.0
2025-05-24T09:19:33.838234,Hoodie 57,4.9,3,M,Unisex,3155360.0
2025-05-24T09:19:33.838234,Pants 58,4.4,3,L,Men,1637760.0
2025-05-24T09:19:33.838234,Outerwear 59,4.6,3,XL,Women,2254240.0
2025-05-24T09:19:33.839225,Jacket 60,4.2,3,XXL,Unisex,3375520.0
2025-05-24T09:19:35.178458,T-shirt 62,3.8,3,M,Women,1376480.0
2025-05-24T09:19:35.178458,Hoodie 63,3.6,3,L,Unisex,6479200.0
2025-05-24T09:19:35.178458,Pants 64,4.0,3,XL,Men,7728480.0
2025-05-24T09:19:35.179457,Outerwear 65,4.1,3,XXL,Women,2385920.0
2025-05-24T09:19:35.179457,Jacket 66,3.5,3,S,Unisex,4353120.0
2025-05-24T09:19:35.179457,Crewneck 67,3.5,3,M,Men,8470720.0
2025-05-24T09:19:35.180459,T-shirt 68,4.0,3,L,Women,8025280.0
2025-05-24T09:19:35.180459,Hoodie 69,3.6,3,XL,Unisex,1027839.9999999999
2025-05-24T09:19:35.180459,Pants 70,4.4,3,XXL,Men,1171360.0
2025-05-24T09:19:35.180459,Jacket 72,4.4,3,M,Unisex,3776000.0
2025-05-24T09:19:35.180459,Crewneck 73,3.0,3,L,Men,2460320.0
2025-05-24T09:19:35.180459,T-shirt 74,3.8,3,XL,Women,7704800.0
2025-05-24T09:19:35.180459,Hoodie 75,4.3,3,XXL,Unisex,2101760.0
2025-05-24T09:19:35.181970,Outerwear 77,3.7,3,M,Women,861760.0
2025-05-24T09:19:35.181970,Jacket 78,4.3,3,L,Unisex,2716480.0
2025-05-24T09:19:35.181970,Crewneck 79,4.6,3,XL,Men,3309600.0
2025-05-24T09:19:35.181970,T-shirt 80,4.5,3,XXL,Women,4178399.9999999995
2025-05-24T09:19:36.695200,Pants 82,4.8,3,M,Men,8315520.0
2025-05-24T09:19:36.695200,Outerwear 83,3.7,3,L,Women,3947840.0
2025-05-24T09:19:36.695200,Jacket 84,4.8,3,XL,Unisex,2826080.0
2025-05-24T09:19:36.695200,Crewneck 85,3.5,3,XXL,Men,4564160.0
2025-05-24T09:19:36.696203,T-shirt 86,3.9,3,S,Women,1670880.0
2025-05-24T09:19:36.696203,Hoodie 87,4.3,3,M,Unisex,7870240.0
2025-05-24T09:19:36.696203,Pants 88,3.1,3,L,Men,7590400.0
2025-05-24T09:19:36.697200,Outerwear 89,3.0,3,XL,Women,4856320.0
2025-05-24T09:19:36.697200,Jacket 90,4.0,3,XXL,Unisex,7160000.0
2025-05-24T09:19:36.697200,T-shirt 92,3.5,3,M,Women,5012320.0
2025-05-24T09:19:36.697200,Hoodie 93,3.6,3,L,Unisex,1365280.0
2025-05-24T09:19:36.697200,Pants 94,4.3,3,XL,Men,1074880.0
2025-05-24T09:19:36.697200,Outerwear 95,3.5,3,XXL,Women,6062240.0
2025-05-24T09:19:36.698205,Jacket 96,4.9,3,S,Unisex,4598240.0
2025-05-24T09:19:36.698205,Crewneck 97,3.9,3,M,Men,6113120.0
2025-05-24T09:19:36.698205,T-shirt 98,3.1,3,L,Women,8596960.0
2025-05-24T09:19:36.698205,Hoodie 99,3.6,3,XL,Unisex,5028000.0
2025-05-24T09:19:36.698205,Pants 100,4.6,3,XXL,Men,2217280.0
2025-05-24T09:19:38.375516,Jacket 102,3.3,3,M,Unisex,3840640.0
2025-05-24T09:19:38.375516,Crewneck 103,3.5,3,L,Men,2331680.0
2025-05-24T09:19:38.375516,T-shirt 104,3.8,3,XL,Women,2374400.0
2025-05-24T09:19:38.376521,Hoodie 105,4.2,3,XXL,Unisex,5019840.0
2025-05-24T09:19:38.376521,Outerwear 107,4.0,3,M,Women,6625120.0
2025-05-24T09:19:38.376521,Jacket 108,4.8,3,L,Unisex,5551680.0
2025-05-24T09:19:38.376521,Crewneck 109,3.3,3,XL,Men,5886880.0
2025-05-24T09:19:38.376521,T-shirt 110,4.6,3,XXL,Women,7197120.0
2025-05-24T09:19:38.377521,Pants 112,3.3,3,M,Men,4261920.0
2025-05-24T09:19:38.377521,Outerwear 113,3.7,3,L,Women,4472000.0
2025-05-24T09:19:38.377521,Jacket 114,4.9,3,XL,Unisex,5386560.0
2025-05-24T09:19:38.377521,Crewneck 115,4.5,3,XXL,Men,1933280.0
2025-05-24T09:19:38.378519,T-shirt 116,3.0,3,S,Women,3474560.0
2025-05-24T09:19:38.378519,Hoodie 117,5.0,3,M,Unisex,3376320.0
2025-05-24T09:19:38.378519,Pants 118,3.2,3,L,Men,5585440.0
2025-05-24T09:19:38.378519,Outerwear 119,3.4,3,XL,Women,3561760.0
2025-05-24T09:19:38.378519,Jacket 120,4.0,3,XXL,Unisex,7480320.0
2025-05-24T09:19:39.507433,T-shirt 122,3.6,3,M,Women,1961920.0
2025-05-24T09:19:39.508435,Hoodie 123,3.8,3,L,Unisex,4498080.0
2025-05-24T09:19:39.508435,Pants 124,3.2,3,XL,Men,7023520.0
2025-05-24T09:19:39.508435,Outerwear 125,4.2,3,XXL,Women,6998240.0
2025-05-24T09:19:39.508435,Jacket 126,3.9,3,S,Unisex,4426080.0
2025-05-24T09:19:39.508435,Crewneck 127,4.0,3,M,Men,8311680.0
2025-05-24T09:19:39.508435,T-shirt 128,3.8,3,L,Women,4466720.0
2025-05-24T09:19:39.508435,Hoodie 129,4.5,3,XL,Unisex,2532480.0
2025-05-24T09:19:39.509434,Pants 130,4.8,3,XXL,Men,6603520.0
2025-05-24T09:19:39.509434,Jacket 132,4.2,3,M,Unisex,6474880.0
2025-05-24T09:19:39.509434,Crewneck 133,4.7,3,L,Men,2016320.0
2025-05-24T09:19:39.510432,T-shirt 134,3.2,3,XL,Women,5937440.0
2025-05-24T09:19:39.510432,Hoodie 135,4.7,3,XXL,Unisex,5141440.0
2025-05-24T09:19:39.510432,Outerwear 137,4.5,3,M,Women,6988320.0
2025-05-24T09:19:39.510432,Jacket 138,3.4,3,L,Unisex,4635520.0
2025-05-24T09:19:39.510432,Crewneck 139,4.5,3,XL,Men,8053120.0
2025-05-24T09:19:39.510432,T-shirt 140,3.5,3,XXL,Women,6811040.0
2025-05-24T09:19:41.157169,Pants 142,4.9,3,M,Men,2325280.0
2025-05-24T09:19:41.157169,Outerwear 143,4.9,3,L,Women,3346560.0
2025-05-24T09:19:41.157169,Jacket 144,4.3,3,XL,Unisex,5758240.0
2025-05-24T09:19:41.158171,Crewneck 145,4.8,3,XXL,Men,3472800.0
2025-05-24T09:19:41.158171,T-shirt 146,4.3,3,S,Women,7688640.0
2025-05-24T09:19:41.158171,Hoodie 147,5.0,3,M,Unisex,3052800.0
2025-05-24T09:19:41.158171,Pants 148,4.7,3,L,Men,6033440.0
2025-05-24T09:19:41.158171,Outerwear 149,3.2,3,XL,Women,3105920.0
2025-05-24T09:19:41.159169,Jacket 150,3.6,3,XXL,Unisex,1500640.0
2025-05-24T09:19:41.159169,T-shirt 152,4.2,3,M,Women,6288640.0
2025-05-24T09:19:41.159169,Hoodie 153,4.3,3,L,Unisex,2660640.0
2025-05-24T09:19:41.159169,Pants 154,3.0,3,XL,Men,2337440.0
2025-05-24T09:19:41.159169,Outerwear 155,4.1,3,XXL,Women,3783200.0
2025-05-24T09:19:41.160170,Jacket 156,3.6,3,S,Unisex,6645120.0
2025-05-24T09:19:41.160170,Crewneck 157,4.0,3,M,Men,1105760.0
2025-05-24T09:19:41.160170,T-shirt 158,4.0,3,L,Women,7321120.0
2025-05-24T09:19:41.160170,Hoodie 159,4.9,3,XL,Unisex,2371680.0
2025-05-24T09:19:41.161169,Pants 160,3.4,3,XXL,Men,2802880.0
2025-05-24T09:19:42.650627,Jacket 162,4.5,3,M,Unisex,1543840.0
2025-05-24T09:19:42.650627,Crewneck 163,4.4,3,L,Men,7861920.0
2025-05-24T09:19:42.650627,T-shirt 164,3.9,3,XL,Women,3512000.0
2025-05-24T09:19:42.650627,Hoodie 165,4.9,3,XXL,Unisex,6921280.0
2025-05-24T09:19:42.650627,Outerwear 167,3.1,3,M,Women,3273760.0
2025-05-24T09:19:42.651630,Jacket 168,4.4,3,L,Unisex,870400.0
2025-05-24T09:19:42.651630,Crewneck 169,4.7,3,XL,Men,8032800.0
2025-05-24T09:19:42.651630,T-shirt 170,4.5,3,XXL,Women,6677920.0
2025-05-24T09:19:42.652137,Pants 172,4.9,3,M,Men,1566080.0
2025-05-24T09:19:42.652137,Outerwear 173,4.6,3,L,Women,7034560.0
2025-05-24T09:19:42.652137,Jacket 174,3.3,3,XL,Unisex,6282240.0
2025-05-24T09:19:42.652137,Crewneck 175,4.5,3,XXL,Men,8125120.0
2025-05-24T09:19:42.652137,T-shirt 176,3.6,3,S,Women,6104320.0
2025-05-24T09:19:42.652137,Hoodie 177,4.6,3,M,Unisex,1890400.0
2025-05-24T09:19:42.653143,Pants 178,3.0,3,L,Men,6184160.0
2025-05-24T09:19:42.653143,Outerwear 179,3.5,3,XL,Women,5816640.0
2025-05-24T09:19:42.653143,Jacket 180,3.9,3,XXL,Unisex,5552640.0
2025-05-24T09:19:45.239151,T-shirt 182,3.8,3,M,Women,2334880.0
2025-05-24T09:19:45.239151,Hoodie 183,3.6,3,L,Unisex,3904640.0
2025-05-24T09:19:45.239151,Pants 184,4.5,3,XL,Men,7759520.0
2025-05-24T09:19:45.240151,Outerwear 185,3.2,3,XXL,Women,7822880.0
2025-05-24T09:19:45.240151,Jacket 186,4.2,3,S,Unisex,6940480.0
2025-05-24T09:19:45.240151,Crewneck 187,3.8,3,M,Men,6663520.0
2025-05-24T09:19:45.240151,T-shirt 188,4.4,3,L,Women,3927840.0
2025-05-24T09:19:45.240151,Hoodie 189,4.0,3,XL,Unisex,1946720.0
2025-05-24T09:19:45.240151,Pants 190,4.5,3,XXL,Men,2220960.0
2025-05-24T09:19:45.241153,Jacket 192,3.8,3,M,Unisex,5066240.0
2025-05-24T09:19:45.241153,Crewneck 193,4.1,3,L,Men,7355680.0
2025-05-24T09:19:45.241153,T-shirt 194,4.9,3,XL,Women,2818720.0
2025-05-24T09:19:45.241153,Hoodie 195,4.9,3,XXL,Unisex,7208960.0
2025-05-24T09:19:45.241153,Outerwear 197,4.9,3,M,Women,5681600.0
2025-05-24T09:19:45.242151,Jacket 198,4.5,3,L,Unisex,5435040.0
2025-05-24T09:19:45.242151,Crewneck 199,3.1,3,XL,Men,6744320.0
2025-05-24T09:19:45.242151,T-shirt 200,3.5,3,XXL,Women,6289920.0
2025-05-24T09:19:46.777259,Pants 202,3.3,3,M,Men,5592480.0
2025-05-24T09:19:46.777259,Outerwear 203,3.4,3,L,Women,2144000.0
2025-05-24T09:19:46.777259,Jacket 204,3.9,3,XL,Unisex,6031040.0
2025-05-24T09:19:46.778395,Crewneck 205,3.2,3,XXL,Men,6434880.0
2025-05-24T09:19:46.778395,T-shirt 206,4.5,3,S,Women,4674720.0
2025-05-24T09:19:46.778395,Hoodie 207,3.5,3,M,Unisex,6101440.0
2025-05-24T09:19:46.778395,Pants 208,3.1,3,L,Men,4637600.0
2025-05-24T09:19:46.778395,Outerwear 209,4.3,3,XL,Women,7980640.0
2025-05-24T09:19:46.778395,Jacket 210,4.7,3,XXL,Unisex,7827360.0
2025-05-24T09:19:46.779406,T-shirt 212,4.7,3,M,Women,8794880.0
2025-05-24T09:19:46.779406,Hoodie 213,3.6,3,L,Unisex,5748000.0
2025-05-24T09:19:46.779406,Pants 214,4.9,3,XL,Men,4315680.0
2025-05-24T09:19:46.779406,Outerwear 215,3.8,3,XXL,Women,1449600.0
2025-05-24T09:19:46.779406,Jacket 216,4.6,3,S,Unisex,4576480.0
2025-05-24T09:19:46.779406,Crewneck 217,4.8,3,M,Men,5772960.0
2025-05-24T09:19:46.779406,T-shirt 218,3.1,3,L,Women,5600320.0
2025-05-24T09:19:46.779406,Hoodie 219,4.6,3,XL,Unisex,5671040.0
2025-05-24T09:19:46.780405,Pants 220,3.2,3,XXL,Men,3357600.0
2025-05-24T09:19:48.128845,Jacket 222,3.4,3,M,Unisex,7438080.0
2025-05-24T09:19:48.129831,Crewneck 223,4.8,3,L,Men,952960.0
2025-05-24T09:19:48.129831,T-shirt 224,4.5,3,XL,Women,3534560.0
2025-05-24T09:19:48.129831,Hoodie 225,3.5,3,XXL,Unisex,5232800.0
2025-05-24T09:19:48.129831,Outerwear 227,4.8,3,M,Women,6742560.0
2025-05-24T09:19:48.129831,Jacket 228,4.5,3,L,Unisex,8076800.0
2025-05-24T09:19:48.129831,Crewneck 229,4.9,3,XL,Men,3101920.0
2025-05-24T09:19:48.130831,T-shirt 230,4.5,3,XXL,Women,7133280.0
2025-05-24T09:19:48.130831,Pants 232,4.0,3,M,Men,8327360.000000001
2025-05-24T09:19:48.130831,Outerwear 233,4.8,3,L,Women,847360.0
2025-05-24T09:19:48.130831,Jacket 234,4.5,3,XL,Unisex,1159200.0
2025-05-24T09:19:48.130831,Crewneck 235,3.4,3,XXL,Men,6560320.0
2025-05-24T09:19:48.130831,T-shirt 236,3.9,3,S,Women,5492320.0
2025-05-24T09:19:48.130831,Hoodie 237,3.1,3,M,Unisex,4743520.0
2025-05-24T09:19:48.130831,Pants 238,3.8,3,L,Men,8301920.0
2025-05-24T09:19:48.130831,Outerwear 239,3.1,3,XL,Women,7934080.0
2025-05-24T09:19:48.132340,Jacket 240,3.8,3,XXL,Unisex,7600000.0
2025-05-24T09:19:49.519497,T-shirt 242,3.4,3,M,Women,4833600.0
2025-05-24T09:19:49.519497,Hoodie 243,3.1,3,L,Unisex,3371680.0
2025-05-24T09:19:49.520507,Pants 244,3.1,3,XL,Men,8116160.0
2025-05-24T09:19:49.520507,Outerwear 245,4.0,3,XXL,Women,1451680.0
2025-05-24T09:19:49.520507,Jacket 246,3.1,3,S,Unisex,8735040.0
2025-05-24T09:19:49.520507,Crewneck 247,3.0,3,M,Men,8769120.0
2025-05-24T09:19:49.520507,T-shirt 248,4.5,3,L,Women,2280000.0
2025-05-24T09:19:49.523038,Hoodie 249,4.2,3,XL,Unisex,2149440.0
2025-05-24T09:19:49.524033,Pants 250,3.1,3,XXL,Men,4314240.0
2025-05-24T09:19:49.524033,Jacket 252,3.2,3,M,Unisex,8408480.0
2025-05-24T09:19:49.525033,Crewneck 253,3.9,3,L,Men,1854720.0
2025-05-24T09:19:49.525033,T-shirt 254,3.9,3,XL,Women,5984160.0
2025-05-24T09:19:49.525033,Hoodie 255,4.1,3,XXL,Unisex,3668000.0
2025-05-24T09:19:49.526035,Outerwear 257,5.0,3,M,Women,7073120.0
2025-05-24T09:19:49.526035,Jacket 258,4.7,3,L,Unisex,2080639.9999999998
2025-05-24T09:19:49.526035,Crewneck 259,3.3,3,XL,Men,2275520.0
2025-05-24T09:19:49.526035,T-shirt 260,3.5,3,XXL,Women,6271520.0
2025-05-24T09:19:51.165455,Pants 262,3.4,3,M,Men,1097760.0
2025-05-24T09:19:51.165455,Outerwear 263,4.2,3,L,Women,1878400.0
2025-05-24T09:19:51.166367,Jacket 264,4.8,3,XL,Unisex,2063040.0
2025-05-24T09:19:51.166367,Crewneck 265,3.5,3,XXL,Men,2483040.0
2025-05-24T09:19:51.166367,T-shirt 266,4.6,3,S,Women,4842080.0
2025-05-24T09:19:51.166367,Hoodie 267,4.3,3,M,Unisex,4086240.0
2025-05-24T09:19:51.167358,Pants 268,3.6,3,L,Men,5005120.0
2025-05-24T09:19:51.167358,Outerwear 269,3.1,3,XL,Women,8073920.0
2025-05-24T09:19:51.167358,Jacket 270,4.2,3,XXL,Unisex,2569120.0
2025-05-24T09:19:51.168444,T-shirt 272,3.3,3,M,Women,5811840.0
2025-05-24T09:19:51.168444,Hoodie 273,4.9,3,L,Unisex,5291360.0
2025-05-24T09:19:51.168444,Pants 274,4.2,3,XL,Men,3669280.0
2025-05-24T09:19:51.168444,Outerwear 275,4.8,3,XXL,Women,5575360.0
2025-05-24T09:19:51.169436,Jacket 276,4.3,3,S,Unisex,1013600.0
2025-05-24T09:19:51.169436,Crewneck 277,4.7,3,M,Men,2383680.0
2025-05-24T09:19:51.169436,T-shirt 278,3.8,3,L,Women,2087360.0000000002
2025-05-24T09:19:51.169436,Hoodie 279,4.7,3,XL,Unisex,5592320.0
2025-05-24T09:19:51.170322,Pants 280,3.9,3,XXL,Men,7501440.0
2025-05-24T09:19:52.842129,Jacket 282,3.0,3,M,Unisex,2227040.0
2025-05-24T09:19:52.842129,Crewneck 283,3.2,3,L,Men,6633120.0
2025-05-24T09:19:52.842129,T-shirt 284,3.6,3,XL,Women,6568000.0
2025-05-24T09:19:52.842129,Hoodie 285,3.2,3,XXL,Unisex,3009120.0
2025-05-24T09:19:52.843146,Outerwear 287,3.7,3,M,Women,5273600.0
2025-05-24T09:19:52.843146,Jacket 288,4.1,3,L,Unisex,3123040.0
2025-05-24T09:19:52.843146,Crewneck 289,4.0,3,XL,Men,888000.0
2025-05-24T09:19:52.844239,T-shirt 290,4.2,3,XXL,Women,6425120.0
2025-05-24T09:19:52.844239,Pants 292,3.9,3,M,Men,2384480.0
2025-05-24T09:19:52.844239,Outerwear 293,4.5,3,L,Women,1176160.0
2025-05-24T09:19:52.844239,Jacket 294,3.8,3,XL,Unisex,5947200.0
2025-05-24T09:19:52.845239,Crewneck 295,4.9,3,XXL,Men,7266720.0
2025-05-24T09:19:52.845239,T-shirt 296,3.1,3,S,Women,1172160.0
2025-05-24T09:19:52.845239,Hoodie 297,3.6,3,M,Unisex,7801120.0
2025-05-24T09:19:52.845239,Pants 298,4.8,3,L,Men,2426080.0
2025-05-24T09:19:52.846238,Outerwear 299,4.3,3,XL,Women,1947840.0
2025-05-24T09:19:52.846238,Jacket 300,4.0,3,XXL,Unisex,6408480.0
2025-05-24T09:19:53.981049,T-shirt 302,3.2,3,M,Women,5711200.0
2025-05-24T09:19:53.981049,Hoodie 303,4.1,3,L,Unisex,7974560.0
2025-05-24T09:19:53.982043,Pants 304,3.4,3,XL,Men,7129760.0
2025-05-24T09:19:53.982043,Outerwear 305,4.5,3,XXL,Women,6325440.0
2025-05-24T09:19:53.982043,Jacket 306,4.2,3,S,Unisex,7575040.0
2025-05-24T09:19:53.982587,Crewneck 307,3.7,3,M,Men,7735200.0
2025-05-24T09:19:53.982587,T-shirt 308,4.1,3,L,Women,4086080.0
2025-05-24T09:19:53.982587,Hoodie 309,4.8,3,XL,Unisex,3953120.0
2025-05-24T09:19:53.983583,Pants 310,4.7,3,XXL,Men,6329280.0
2025-05-24T09:19:53.983583,Jacket 312,3.8,3,M,Unisex,7267040.0
2025-05-24T09:19:53.983583,Crewneck 313,3.1,3,L,Men,1948320.0
2025-05-24T09:19:53.983583,T-shirt 314,3.2,3,XL,Women,6017120.0
2025-05-24T09:19:53.984604,Hoodie 315,3.1,3,XXL,Unisex,7022880.0
2025-05-24T09:19:53.984604,Outerwear 317,3.3,3,M,Women,5259040.0
2025-05-24T09:19:53.985596,Jacket 318,3.7,3,L,Unisex,5667200.0
2025-05-24T09:19:53.985596,Crewneck 319,3.3,3,XL,Men,3085920.0
2025-05-24T09:19:53.985596,T-shirt 320,3.3,3,XXL,Women,829440.0
2025-05-24T09:19:55.572165,Pants 322,3.2,3,M,Men,7810400.0
2025-05-24T09:19:55.572718,Outerwear 323,3.1,3,L,Women,8468000.0
2025-05-24T09:19:55.572718,Jacket 324,3.3,3,XL,Unisex,6082720.0
2025-05-24T09:19:55.572718,Crewneck 325,3.4,3,XXL,Men,3001760.0
2025-05-24T09:19:55.572718,T-shirt 326,4.9,3,S,Women,4519360.0
2025-05-24T09:19:55.573732,Hoodie 327,4.4,3,M,Unisex,6641440.0
2025-05-24T09:19:55.573732,Pants 328,4.5,3,L,Men,5732960.0
2025-05-24T09:19:55.573732,Outerwear 329,4.7,3,XL,Women,6724160.0
2025-05-24T09:19:55.573732,Jacket 330,4.3,3,XXL,Unisex,1591200.0
2025-05-24T09:19:55.574757,T-shirt 332,3.4,3,M,Women,2335680.0
2025-05-24T09:19:55.575726,Hoodie 333,4.8,3,L,Unisex,1746080.0
2025-05-24T09:19:55.575726,Pants 334,3.8,3,XL,Men,2409440.0
2025-05-24T09:19:55.576719,Outerwear 335,3.0,3,XXL,Women,2826720.0
2025-05-24T09:19:55.576719,Jacket 336,5.0,3,S,Unisex,6237760.0
2025-05-24T09:19:55.576719,Crewneck 337,4.3,3,M,Men,8608800.0
2025-05-24T09:19:55.576719,T-shirt 338,3.9,3,L,Women,2883360.0
2025-05-24T09:19:55.577761,Hoodie 339,4.9,3,XL,Unisex,4424800.0
2025-05-24T09:19:55.577761,Pants 340,4.3,3,XXL,Men,5975200.0
2025-05-24T09:19:57.424506,Jacket 342,4.8,3,M,Unisex,1827680.0
2025-05-24T09:19:57.425460,Crewneck 343,4.1,3,L,Men,2279040.0
2025-05-24T09:19:57.425460,T-shirt 344,4.5,3,XL,Women,3415680.0
2025-05-24T09:19:57.425460,Hoodie 345,3.3,3,XXL,Unisex,7577440.0
2025-05-24T09:19:57.425460,Outerwear 347,4.7,3,M,Women,6986080.0
2025-05-24T09:19:57.425460,Jacket 348,4.6,3,L,Unisex,3195040.0
2025-05-24T09:19:57.425460,Crewneck 349,3.5,3,XL,Men,6085600.0
2025-05-24T09:19:57.425460,T-shirt 350,5.0,3,XXL,Women,8047680.0
2025-05-24T09:19:57.426558,Pants 352,4.0,3,M,Men,2838880.0
2025-05-24T09:19:57.426558,Outerwear 353,3.6,3,L,Women,961600.0
2025-05-24T09:19:57.426558,Jacket 354,3.8,3,XL,Unisex,2294720.0
2025-05-24T09:19:57.426558,Crewneck 355,3.2,3,XXL,Men,4246560.0
2025-05-24T09:19:57.427499,T-shirt 356,4.3,3,S,Women,7150080.0
2025-05-24T09:19:57.427499,Hoodie 357,3.6,3,M,Unisex,3739360.0
2025-05-24T09:19:57.427499,Pants 358,3.9,3,L,Men,8479520.0
2025-05-24T09:19:57.427499,Outerwear 359,4.3,3,XL,Women,1696480.0
2025-05-24T09:19:57.428517,Jacket 360,4.8,3,XXL,Unisex,8788320.0
2025-05-24T09:19:59.077244,T-shirt 362,5.0,3,M,Women,4776800.0
2025-05-24T09:19:59.078245,Hoodie 363,3.2,3,L,Unisex,1171360.0
2025-05-24T09:19:59.078245,Pants 364,4.8,3,XL,Men,4972800.0
2025-05-24T09:19:59.078245,Outerwear 365,4.5,3,XXL,Women,6956480.0
2025-05-24T09:19:59.079718,Jacket 366,4.9,3,S,Unisex,5854880.0
2025-05-24T09:19:59.079718,Crewneck 367,4.9,3,M,Men,8359360.000000001
2025-05-24T09:19:59.080734,T-shirt 368,3.2,3,L,Women,965120.0
2025-05-24T09:19:59.080734,Hoodie 369,4.7,3,XL,Unisex,7204960.0
2025-05-24T09:19:59.080734,Pants 370,3.6,3,XXL,Men,4559680.0
2025-05-24T09:19:59.080734,Jacket 372,3.6,3,M,Unisex,5052960.0
2025-05-24T09:19:59.080734,Crewneck 373,3.6,3,L,Men,2231040.0
2025-05-24T09:19:59.082247,T-shirt 374,3.9,3,XL,Women,7697120.0
2025-05-24T09:19:59.082247,Hoodie 375,3.9,3,XXL,Unisex,7027520.0
2025-05-24T09:19:59.083256,Outerwear 377,4.8,3,M,Women,6802080.0
2025-05-24T09:19:59.083256,Jacket 378,3.6,3,L,Unisex,3402400.0
2025-05-24T09:19:59.083256,Crewneck 379,4.4,3,XL,Men,3963200.0
2025-05-24T09:19:59.083256,T-shirt 380,3.8,3,XXL,Women,2547040.0
2025-05-24T09:20:00.733593,Pants 382,4.4,3,M,Men,1356160.0
2025-05-24T09:20:00.734592,Outerwear 383,3.4,3,L,Women,3431040.0
2025-05-24T09:20:00.734592,Jacket 384,3.3,3,XL,Unisex,1452960.0
2025-05-24T09:20:00.734592,Crewneck 385,4.9,3,XXL,Men,7950720.0
2025-05-24T09:20:00.735609,T-shirt 386,4.6,3,S,Women,4793600.0
2025-05-24T09:20:00.735609,Hoodie 387,4.2,3,M,Unisex,8418080.0
2025-05-24T09:20:00.735609,Pants 388,3.1,3,L,Men,931200.0
2025-05-24T09:20:00.738077,Outerwear 389,5.0,3,XL,Women,2883200.0
2025-05-24T09:20:00.739064,Jacket 390,3.3,3,XXL,Unisex,5432960.0
2025-05-24T09:20:00.739064,T-shirt 392,4.4,3,M,Women,1226080.0
2025-05-24T09:20:00.740071,Hoodie 393,3.2,3,L,Unisex,4068480.0
2025-05-24T09:20:00.740071,Pants 394,3.3,3,XL,Men,3540000.0
2025-05-24T09:20:00.740071,Outerwear 395,4.0,3,XXL,Women,3098720.0
2025-05-24T09:20:00.740071,Jacket 396,3.9,3,S,Unisex,2505280.0
2025-05-24T09:20:00.741110,Crewneck 397,3.6,3,M,Men,855360.0
2025-05-24T09:20:00.741110,T-shirt 398,4.7,3,L,Women,4592800.0
2025-05-24T09:20:00.741110,Hoodie 399,3.6,3,XL,Unisex,2523520.0
2025-05-24T09:20:00.741110,Pants 400,4.7,3,XXL,Men,6020640.0
2025-05-24T09:20:02.412211,Jacket 402,4.6,3,M,Unisex,2029120.0
2025-05-24T09:20:02.412211,Crewneck 403,4.1,3,L,Men,1580320.0
2025-05-24T09:20:02.412211,T-shirt 404,4.9,3,XL,Women,3501120.0
2025-05-24T09:20:02.412211,Hoodie 405,3.8,3,XXL,Unisex,5080160.0
2025-05-24T09:20:02.413221,Outerwear 407,3.7,3,M,Women,2761280.0
2025-05-24T09:20:02.413221,Jacket 408,4.9,3,L,Unisex,4176000.0
2025-05-24T09:20:02.413221,Crewneck 409,3.5,3,XL,Men,3221760.0
2025-05-24T09:20:02.413221,T-shirt 410,3.1,3,XXL,Women,1586720.0
2025-05-24T09:20:02.414220,Pants 412,4.4,3,M,Men,5438240.0
2025-05-24T09:20:02.414220,Outerwear 413,3.4,3,L,Women,1306400.0
2025-05-24T09:20:02.414220,Jacket 414,3.7,3,XL,Unisex,2234720.0
2025-05-24T09:20:02.415226,Crewneck 415,3.1,3,XXL,Men,3617440.0
2025-05-24T09:20:02.415226,T-shirt 416,3.1,3,S,Women,4454080.0
2025-05-24T09:20:02.415226,Hoodie 417,4.6,3,M,Unisex,2769440.0
2025-05-24T09:20:02.415226,Pants 418,5.0,3,L,Men,6307840.0
2025-05-24T09:20:02.416229,Outerwear 419,5.0,3,XL,Women,7004000.0
2025-05-24T09:20:02.416229,Jacket 420,3.1,3,XXL,Unisex,2472640.0
2025-05-24T09:20:03.887235,T-shirt 422,3.9,3,M,Women,924320.0
2025-05-24T09:20:03.887235,Hoodie 423,3.7,3,L,Unisex,4601760.0
2025-05-24T09:20:03.887235,Pants 424,4.4,3,XL,Men,3865760.0
2025-05-24T09:20:03.888253,Outerwear 425,4.8,3,XXL,Women,2528480.0
2025-05-24T09:20:03.888253,Jacket 426,3.4,3,S,Unisex,3462400.0
2025-05-24T09:20:03.888253,Crewneck 427,3.3,3,M,Men,6375200.0
2025-05-24T09:20:03.889286,T-shirt 428,4.9,3,L,Women,7053120.0
2025-05-24T09:20:03.889286,Hoodie 429,4.9,3,XL,Unisex,1658560.0
2025-05-24T09:20:03.889286,Pants 430,3.9,3,XXL,Men,1442080.0
2025-05-24T09:20:03.890339,Jacket 432,4.5,3,M,Unisex,2151840.0
2025-05-24T09:20:03.890339,Crewneck 433,4.2,3,L,Men,3872480.0
2025-05-24T09:20:03.890339,T-shirt 434,4.9,3,XL,Women,6557120.0
2025-05-24T09:20:03.890339,Hoodie 435,4.0,3,XXL,Unisex,1015680.0
2025-05-24T09:20:03.891343,Outerwear 437,3.9,3,M,Women,1016800.0
2025-05-24T09:20:03.891343,Jacket 438,4.5,3,L,Unisex,2453120.0
2025-05-24T09:20:03.891343,Crewneck 439,3.2,3,XL,Men,4005440.0
2025-05-24T09:20:03.891343,T-shirt 440,3.0,3,XXL,Women,5326080.0
2025-05-24T09:20:05.028935,Pants 442,4.3,3,M,Men,4701600.0
2025-05-24T09:20:05.029935,Outerwear 443,4.2,3,L,Women,7262720.0
2025-05-24T09:20:05.029935,Jacket 444,3.3,3,XL,Unisex,4016960.0
2025-05-24T09:20:05.029935,Crewneck 445,4.5,3,XXL,Men,3574240.0
2025-05-24T09:20:05.030922,T-shirt 446,3.2,3,S,Women,7740160.0
2025-05-24T09:20:05.030922,Hoodie 447,4.0,3,M,Unisex,4748640.0
2025-05-24T09:20:05.030922,Pants 448,4.4,3,L,Men,820160.0
2025-05-24T09:20:05.030922,Outerwear 449,4.0,3,XL,Women,6410080.0
2025-05-24T09:20:05.032282,Jacket 450,3.1,3,XXL,Unisex,8754880.0
2025-05-24T09:20:05.032282,T-shirt 452,4.4,3,M,Women,6892800.0
2025-05-24T09:20:05.032282,Hoodie 453,4.2,3,L,Unisex,6576960.0
2025-05-24T09:20:05.033297,Pants 454,5.0,3,XL,Men,2179520.0
2025-05-24T09:20:05.033297,Outerwear 455,4.8,3,XXL,Women,1094080.0
2025-05-24T09:20:05.033297,Jacket 456,4.1,3,S,Unisex,8096000.0
2025-05-24T09:20:05.033297,Crewneck 457,4.8,3,M,Men,7342880.0
2025-05-24T09:20:05.034300,T-shirt 458,4.4,3,L,Women,4240000.0
2025-05-24T09:20:05.034300,Hoodie 459,3.5,3,XL,Unisex,3237280.0
2025-05-24T09:20:05.034300,Pants 460,3.6,3,XXL,Men,1880800.0
2025-05-24T09:20:06.659820,Jacket 462,4.5,3,M,Unisex,6767840.0
2025-05-24T09:20:06.659820,Crewneck 463,4.5,3,L,Men,7539520.0
2025-05-24T09:20:06.659820,T-shirt 464,4.5,3,XL,Women,6070080.0
2025-05-24T09:20:06.659820,Hoodie 465,4.7,3,XXL,Unisex,6164320.0
2025-05-24T09:20:06.660835,Outerwear 467,3.5,3,M,Women,1325920.0
2025-05-24T09:20:06.660835,Jacket 468,3.7,3,L,Unisex,4584960.0
2025-05-24T09:20:06.660835,Crewneck 469,4.2,3,XL,Men,1738880.0
2025-05-24T09:20:06.661829,T-shirt 470,3.1,3,XXL,Women,7738880.0
2025-05-24T09:20:06.661829,Pants 472,3.1,3,M,Men,3902080.0
2025-05-24T09:20:06.662830,Outerwear 473,4.2,3,L,Women,5478080.0
2025-05-24T09:20:06.662830,Jacket 474,4.7,3,XL,Unisex,5864960.0
2025-05-24T09:20:06.663360,Crewneck 475,4.6,3,XXL,Men,7017280.0
2025-05-24T09:20:06.663360,T-shirt 476,4.3,3,S,Women,3986240.0
2025-05-24T09:20:06.664378,Hoodie 477,4.2,3,M,Unisex,6626080.0
2025-05-24T09:20:06.664378,Pants 478,3.8,3,L,Men,4912000.0
2025-05-24T09:20:06.664378,Outerwear 479,4.4,3,XL,Women,7302400.0
2025-05-24T09:20:06.665371,Jacket 480,4.2,3,XXL,Unisex,4986240.0
2025-05-24T09:20:07.736658,T-shirt 482,4.8,3,M,Women,3352480.0
2025-05-24T09:20:07.736658,Hoodie 483,4.2,3,L,Unisex,4035040.0
2025-05-24T09:20:07.737658,Pants 484,4.1,3,XL,Men,6428640.0
2025-05-24T09:20:07.737658,Outerwear 485,4.7,3,XXL,Women,4044480.0
2025-05-24T09:20:07.737658,Jacket 486,3.0,3,S,Unisex,2573760.0
2025-05-24T09:20:07.737658,Crewneck 487,3.7,3,M,Men,6955520.0
2025-05-24T09:20:07.738657,T-shirt 488,3.8,3,L,Women,8789760.0
2025-05-24T09:20:07.738657,Hoodie 489,5.0,3,XL,Unisex,3554560.0
2025-05-24T09:20:07.738657,Pants 490,3.1,3,XXL,Men,7081600.0
2025-05-24T09:20:07.739693,Jacket 492,3.0,3,M,Unisex,6011840.0
2025-05-24T09:20:07.739693,Crewneck 493,4.8,3,L,Men,5071520.0
2025-05-24T09:20:07.739693,T-shirt 494,3.4,3,XL,Women,1390080.0
2025-05-24T09:20:07.739693,Hoodie 495,4.5,3,XXL,Unisex,1663200.0
2025-05-24T09:20:07.740664,Outerwear 497,4.4,3,M,Women,3957760.0
2025-05-24T09:20:07.740664,Jacket 498,4.6,3,L,Unisex,4412800.0
2025-05-24T09:20:07.741663,Crewneck 499,4.1,3,XL,Men,7825920.0
2025-05-24T09:20:07.741663,T-shirt 500,4.2,3,XXL,Women,8114400.0
2025-05-24T09:20:09.140959,Pants 502,4.4,3,M,Men,7132480.0
2025-05-24T09:20:09.140959,Outerwear 503,4.8,3,L,Women,4924480.0
2025-05-24T09:20:09.140959,Jacket 504,5.0,3,XL,Unisex,8024480.0
2025-05-24T09:20:09.142489,Crewneck 505,4.3,3,XXL,Men,8747680.0
2025-05-24T09:20:09.142489,T-shirt 506,3.6,3,S,Women,8572000.0
2025-05-24T09:20:09.142489,Hoodie 507,4.7,3,M,Unisex,6844000.0
2025-05-24T09:20:09.143534,Pants 508,3.5,3,L,Men,7766080.0
2025-05-24T09:20:09.143534,Outerwear 509,3.1,3,XL,Women,7178400.0
2025-05-24T09:20:09.144505,Jacket 510,3.4,3,XXL,Unisex,1562080.0
2025-05-24T09:20:09.144505,T-shirt 512,3.7,3,M,Women,4319680.0
2025-05-24T09:20:09.144505,Hoodie 513,4.4,3,L,Unisex,1693760.0
2025-05-24T09:20:09.145515,Pants 514,3.9,3,XL,Men,6888960.0
2025-05-24T09:20:09.145515,Outerwear 515,3.1,3,XXL,Women,7262560.0
2025-05-24T09:20:09.145515,Jacket 516,3.4,3,S,Unisex,7130720.0
2025-05-24T09:20:09.145515,Crewneck 517,3.5,3,M,Men,1069280.0
2025-05-24T09:20:09.146516,T-shirt 518,4.1,3,L,Women,2575680.0
2025-05-24T09:20:09.146516,Hoodie 519,4.5,3,XL,Unisex,2236160.0
2025-05-24T09:20:09.146516,Pants 520,3.8,3,XXL,Men,2308320.0
2025-05-24T09:20:10.666618,Jacket 522,4.0,3,M,Unisex,6292960.0
2025-05-24T09:20:10.666618,Crewneck 523,4.6,3,L,Men,3626720.0
2025-05-24T09:20:10.667619,T-shirt 524,3.8,3,XL,Women,936000.0
2025-05-24T09:20:10.667619,Hoodie 525,3.6,3,XXL,Unisex,7919040.0
2025-05-24T09:20:10.668617,Outerwear 527,3.6,3,M,Women,4669280.0
2025-05-24T09:20:10.668617,Jacket 528,4.0,3,L,Unisex,5595840.0
2025-05-24T09:20:10.668617,Crewneck 529,3.2,3,XL,Men,1420160.0
2025-05-24T09:20:10.669620,T-shirt 530,3.3,3,XXL,Women,6173760.0
2025-05-24T09:20:10.669620,Pants 532,4.1,3,M,Men,8391200.0
2025-05-24T09:20:10.670621,Outerwear 533,4.2,3,L,Women,3370240.0
2025-05-24T09:20:10.670621,Jacket 534,3.7,3,XL,Unisex,3479200.0
2025-05-24T09:20:10.670621,Crewneck 535,3.7,3,XXL,Men,3901280.0
2025-05-24T09:20:10.670621,T-shirt 536,3.0,3,S,Women,5092480.0
2025-05-24T09:20:10.670621,Hoodie 537,3.1,3,M,Unisex,8671840.0
2025-05-24T09:20:10.670621,Pants 538,3.4,3,L,Men,6134240.0
2025-05-24T09:20:10.672133,Outerwear 539,4.7,3,XL,Women,4692640.0
2025-05-24T09:20:10.672133,Jacket 540,4.4,3,XXL,Unisex,7051840.0
2025-05-24T09:20:12.115780,T-shirt 542,3.5,3,M,Women,4761440.0
2025-05-24T09:20:12.116781,Hoodie 543,4.7,3,L,Unisex,8715680.0
2025-05-24T09:20:12.116781,Pants 544,3.1,3,XL,Men,5957760.0
2025-05-24T09:20:12.116781,Outerwear 545,4.0,3,XXL,Women,3579360.0
2025-05-24T09:20:12.116781,Jacket 546,3.3,3,S,Unisex,6271520.0
2025-05-24T09:20:12.117780,Crewneck 547,3.9,3,M,Men,5361120.0
2025-05-24T09:20:12.117780,T-shirt 548,4.6,3,L,Women,2686240.0
2025-05-24T09:20:12.118782,Hoodie 549,3.7,3,XL,Unisex,2687200.0
2025-05-24T09:20:12.118782,Pants 550,4.9,3,XXL,Men,4450080.0
2025-05-24T09:20:12.119780,Jacket 552,4.1,3,M,Unisex,5380320.0
2025-05-24T09:20:12.119780,Crewneck 553,3.8,3,L,Men,7760800.0
2025-05-24T09:20:12.119780,T-shirt 554,4.5,3,XL,Women,4001120.0
2025-05-24T09:20:12.119780,Hoodie 555,3.0,3,XXL,Unisex,1809600.0
2025-05-24T09:20:12.120797,Outerwear 557,3.4,3,M,Women,5460480.0
2025-05-24T09:20:12.120797,Jacket 558,4.0,3,L,Unisex,5007040.0
2025-05-24T09:20:12.120797,Crewneck 559,3.5,3,XL,Men,1590880.0
2025-05-24T09:20:12.121796,T-shirt 560,4.2,3,XXL,Women,6885280.0
2025-05-24T09:20:13.473767,Pants 562,4.5,3,M,Men,3724160.0
2025-05-24T09:20:13.473767,Outerwear 563,4.7,3,L,Women,8197440.000000001
2025-05-24T09:20:13.474946,Jacket 564,4.3,3,XL,Unisex,8319200.000000001
2025-05-24T09:20:13.474946,Crewneck 565,3.5,3,XXL,Men,7635200.0
2025-05-24T09:20:13.474946,T-shirt 566,4.6,3,S,Women,2611360.0
2025-05-24T09:20:13.474946,Hoodie 567,3.2,3,M,Unisex,4576160.0
2025-05-24T09:20:13.474946,Pants 568,3.3,3,L,Men,2984160.0
2025-05-24T09:20:13.474946,Outerwear 569,4.7,3,XL,Women,4966880.0
2025-05-24T09:20:13.476578,Jacket 570,3.9,3,XXL,Unisex,4000960.0
2025-05-24T09:20:13.476578,T-shirt 572,3.2,3,M,Women,4756320.0
2025-05-24T09:20:13.477719,Hoodie 573,4.5,3,L,Unisex,6954080.0
2025-05-24T09:20:13.477719,Pants 574,3.8,3,XL,Men,2424000.0
2025-05-24T09:20:13.478592,Outerwear 575,3.4,3,XXL,Women,3517760.0
2025-05-24T09:20:13.478592,Jacket 576,3.5,3,S,Unisex,805600.0
2025-05-24T09:20:13.478592,Crewneck 577,3.3,3,M,Men,7873920.0
2025-05-24T09:20:13.479596,T-shirt 578,4.1,3,L,Women,7958880.0
2025-05-24T09:20:13.479596,Hoodie 579,4.4,3,XL,Unisex,4428640.0
2025-05-24T09:20:13.479596,Pants 580,3.3,3,XXL,Men,2625440.0
2025-05-24T09:20:14.840837,Jacket 582,4.1,3,M,Unisex,4112160.0
2025-05-24T09:20:14.840837,Crewneck 583,4.5,3,L,Men,5737760.0
2025-05-24T09:20:14.840837,T-shirt 584,4.8,3,XL,Women,6964960.0
2025-05-24T09:20:14.840837,Hoodie 585,4.9,3,XXL,Unisex,6186880.0
2025-05-24T09:20:14.841835,Outerwear 587,4.4,3,M,Women,4424960.0
2025-05-24T09:20:14.841835,Jacket 588,4.7,3,L,Unisex,4963040.0
2025-05-24T09:20:14.841835,Crewneck 589,4.7,3,XL,Men,931840.0
2025-05-24T09:20:14.842834,T-shirt 590,3.9,3,XXL,Women,6457120.0
2025-05-24T09:20:14.843344,Pants 592,4.3,3,M,Men,6805440.0
2025-05-24T09:20:14.843344,Outerwear 593,3.9,3,L,Women,7163840.0
2025-05-24T09:20:14.843344,Jacket 594,4.2,3,XL,Unisex,8707680.0
2025-05-24T09:20:14.843344,Crewneck 595,3.5,3,XXL,Men,3723840.0
2025-05-24T09:20:14.843344,T-shirt 596,4.4,3,S,Women,8290400.0
2025-05-24T09:20:14.844352,Hoodie 597,3.3,3,M,Unisex,7969440.0
2025-05-24T09:20:14.844352,Pants 598,4.1,3,L,Men,4714080.0
2025-05-24T09:20:14.844352,Outerwear 599,3.3,3,XL,Women,1179040.0
2025-05-24T09:20:14.844352,Jacket 600,3.0,3,XXL,Unisex,6414080.0
2025-05-24T09:20:15.918635,T-shirt 602,4.4,3,M,Women,2260960.0
2025-05-24T09:20:15.918635,Hoodie 603,3.1,3,L,Unisex,7511520.0
2025-05-24T09:20:15.918635,Pants 604,4.3,3,XL,Men,7662240.0
2025-05-24T09:20:15.919633,Outerwear 605,3.7,3,XXL,Women,1710720.0
2025-05-24T09:20:15.919633,Jacket 606,4.6,3,S,Unisex,5770720.0
2025-05-24T09:20:15.919633,Crewneck 607,3.1,3,M,Men,3857600.0
2025-05-24T09:20:15.919633,T-shirt 608,4.6,3,L,Women,7047840.0
2025-05-24T09:20:15.920658,Hoodie 609,4.1,3,XL,Unisex,2956320.0
2025-05-24T09:20:15.920658,Pants 610,3.3,3,XXL,Men,4515360.0
2025-05-24T09:20:15.920658,Jacket 612,3.1,3,M,Unisex,3202720.0
2025-05-24T09:20:15.920658,Crewneck 613,3.6,3,L,Men,1013920.0
2025-05-24T09:20:15.922130,T-shirt 614,3.1,3,XL,Women,2428160.0
2025-05-24T09:20:15.922130,Hoodie 615,4.8,3,XXL,Unisex,4798720.0
2025-05-24T09:20:15.922641,Outerwear 617,4.3,3,M,Women,1765920.0
2025-05-24T09:20:15.922641,Jacket 618,3.3,3,L,Unisex,6474080.0
2025-05-24T09:20:15.922641,Crewneck 619,4.4,3,XL,Men,8340639.999999999
2025-05-24T09:20:15.922641,T-shirt 620,3.3,3,XXL,Women,2270240.0
2025-05-24T09:20:17.273838,Pants 622,3.5,3,M,Men,4849600.0
2025-05-24T09:20:17.273838,Outerwear 623,4.6,3,L,Women,7299520.0
2025-05-24T09:20:17.274846,Jacket 624,3.9,3,XL,Unisex,6943200.0
2025-05-24T09:20:17.274846,Crewneck 625,4.1,3,XXL,Men,7826400.0
2025-05-24T09:20:17.274846,T-shirt 626,4.5,3,S,Women,7777440.0
2025-05-24T09:20:17.274846,Hoodie 627,3.2,3,M,Unisex,1232320.0
2025-05-24T09:20:17.275836,Pants 628,4.3,3,L,Men,8113120.0
2025-05-24T09:20:17.275836,Outerwear 629,4.4,3,XL,Women,3997920.0
2025-05-24T09:20:17.275836,Jacket 630,3.8,3,XXL,Unisex,1003680.0
2025-05-24T09:20:17.276846,T-shirt 632,3.6,3,M,Women,4314240.0
2025-05-24T09:20:17.276846,Hoodie 633,3.1,3,L,Unisex,3128000.0
2025-05-24T09:20:17.276846,Pants 634,3.9,3,XL,Men,8535680.0
2025-05-24T09:20:17.276846,Outerwear 635,4.1,3,XXL,Women,6897120.0
2025-05-24T09:20:17.277856,Jacket 636,4.5,3,S,Unisex,3476320.0
2025-05-24T09:20:17.277856,Crewneck 637,4.0,3,M,Men,6030240.0
2025-05-24T09:20:17.277856,T-shirt 638,4.6,3,L,Women,5220960.0
2025-05-24T09:20:17.277856,Hoodie 639,4.7,3,XL,Unisex,6782720.0
2025-05-24T09:20:17.278842,Pants 640,3.8,3,XXL,Men,3038560.0
2025-05-24T09:20:18.745730,Jacket 642,4.7,3,M,Unisex,7747360.0
2025-05-24T09:20:18.745730,Crewneck 643,3.2,3,L,Men,6116000.0
2025-05-24T09:20:18.745730,T-shirt 644,4.2,3,XL,Women,7479360.0
2025-05-24T09:20:18.745730,Hoodie 645,3.3,3,XXL,Unisex,3285440.0
2025-05-24T09:20:18.746731,Outerwear 647,3.8,3,M,Women,4304960.0
2025-05-24T09:20:18.746731,Jacket 648,4.5,3,L,Unisex,8699520.0
2025-05-24T09:20:18.746731,Crewneck 649,3.2,3,XL,Men,8588160.0
2025-05-24T09:20:18.747779,T-shirt 650,3.4,3,XXL,Women,8012800.0
2025-05-24T09:20:18.747779,Pants 652,3.3,3,M,Men,6084960.0
2025-05-24T09:20:18.748787,Outerwear 653,4.0,3,L,Women,2622080.0
2025-05-24T09:20:18.748787,Jacket 654,4.7,3,XL,Unisex,4089440.0
2025-05-24T09:20:18.748787,Crewneck 655,4.1,3,XXL,Men,1834240.0
2025-05-24T09:20:18.748787,T-shirt 656,4.2,3,S,Women,2538720.0
2025-05-24T09:20:18.748787,Hoodie 657,4.8,3,M,Unisex,8459040.0
2025-05-24T09:20:18.749774,Pants 658,3.8,3,L,Men,6268320.0
2025-05-24T09:20:18.749774,Outerwear 659,3.3,3,XL,Women,1817920.0
2025-05-24T09:20:18.749774,Jacket 660,3.5,3,XXL,Unisex,8715200.0
2025-05-24T09:20:19.819343,T-shirt 662,4.5,3,M,Women,1422720.0
2025-05-24T09:20:19.819343,Hoodie 663,4.0,3,L,Unisex,7087200.0
2025-05-24T09:20:19.819343,Pants 664,3.5,3,XL,Men,8248639.999999999
2025-05-24T09:20:19.819343,Outerwear 665,3.2,3,XXL,Women,4033600.0
2025-05-24T09:20:19.820341,Jacket 666,3.9,3,S,Unisex,4844000.0
2025-05-24T09:20:19.820341,Crewneck 667,3.7,3,M,Men,1756640.0
2025-05-24T09:20:19.820341,T-shirt 668,3.7,3,L,Women,5044640.0
2025-05-24T09:20:19.820341,Hoodie 669,3.3,3,XL,Unisex,2346080.0
2025-05-24T09:20:19.821363,Pants 670,4.8,3,XXL,Men,8406720.0
2025-05-24T09:20:19.821363,Jacket 672,4.5,3,M,Unisex,4776160.0
2025-05-24T09:20:19.821363,Crewneck 673,4.7,3,L,Men,2803360.0
2025-05-24T09:20:19.821363,T-shirt 674,3.1,3,XL,Women,3156640.0
2025-05-24T09:20:19.821363,Hoodie 675,3.2,3,XXL,Unisex,4314880.0
2025-05-24T09:20:19.822893,Outerwear 677,3.3,3,M,Women,4657440.0
2025-05-24T09:20:19.822893,Jacket 678,4.3,3,L,Unisex,2777120.0
2025-05-24T09:20:19.822893,Crewneck 679,3.2,3,XL,Men,6373120.0
2025-05-24T09:20:19.822893,T-shirt 680,3.2,3,XXL,Women,8164800.0
2025-05-24T09:20:20.948198,Pants 682,3.9,3,M,Men,7616480.0
2025-05-24T09:20:20.948198,Outerwear 683,3.6,3,L,Women,3907360.0
2025-05-24T09:20:20.948198,Jacket 684,3.5,3,XL,Unisex,7102560.0
2025-05-24T09:20:20.948198,Crewneck 685,4.6,3,XXL,Men,1495840.0
2025-05-24T09:20:20.948198,T-shirt 686,3.8,3,S,Women,5381760.0
2025-05-24T09:20:20.948198,Hoodie 687,4.7,3,M,Unisex,4220800.0
2025-05-24T09:20:20.948198,Pants 688,4.4,3,L,Men,1487520.0
2025-05-24T09:20:20.949270,Outerwear 689,4.6,3,XL,Women,1939040.0
2025-05-24T09:20:20.949270,Jacket 690,4.7,3,XXL,Unisex,8782560.0
2025-05-24T09:20:20.949270,T-shirt 692,4.1,3,M,Women,1416480.0
2025-05-24T09:20:20.949270,Hoodie 693,4.1,3,L,Unisex,3031680.0
2025-05-24T09:20:20.949270,Pants 694,3.4,3,XL,Men,2466720.0
2025-05-24T09:20:20.949270,Outerwear 695,3.3,3,XXL,Women,959360.0
2025-05-24T09:20:20.949270,Jacket 696,4.2,3,S,Unisex,5146240.0
2025-05-24T09:20:20.950249,Crewneck 697,5.0,3,M,Men,6545120.0
2025-05-24T09:20:20.950249,T-shirt 698,4.1,3,L,Women,2444960.0
2025-05-24T09:20:20.950249,Hoodie 699,4.5,3,XL,Unisex,5250240.0
2025-05-24T09:20:20.950249,Pants 700,4.3,3,XXL,Men,3526560.0
2025-05-24T09:20:22.286328,Jacket 702,4.3,3,M,Unisex,4927680.0
2025-05-24T09:20:22.286328,Crewneck 703,4.2,3,L,Men,2949120.0
2025-05-24T09:20:22.286328,T-shirt 704,4.1,3,XL,Women,6214240.0
2025-05-24T09:20:22.287836,Hoodie 705,3.1,3,XXL,Unisex,3042880.0
2025-05-24T09:20:22.287836,Outerwear 707,4.4,3,M,Women,7746240.0
2025-05-24T09:20:22.287836,Jacket 708,4.3,3,L,Unisex,8541280.0
2025-05-24T09:20:22.287836,Crewneck 709,3.9,3,XL,Men,7022400.0
2025-05-24T09:20:22.287836,T-shirt 710,3.2,3,XXL,Women,3751520.0
2025-05-24T09:20:22.289318,Pants 712,4.1,3,M,Men,1510400.0
2025-05-24T09:20:22.289318,Outerwear 713,4.4,3,L,Women,3142880.0
2025-05-24T09:20:22.289318,Jacket 714,3.1,3,XL,Unisex,892320.0
2025-05-24T09:20:22.290385,Crewneck 715,3.9,3,XXL,Men,7021760.0
2025-05-24T09:20:22.290385,T-shirt 716,4.9,3,S,Women,3602560.0
2025-05-24T09:20:22.290385,Hoodie 717,3.6,3,M,Unisex,1532800.0
2025-05-24T09:20:22.291372,Pants 718,3.2,3,L,Men,4057120.0
2025-05-24T09:20:22.291372,Outerwear 719,4.7,3,XL,Women,3172960.0
2025-05-24T09:20:22.291372,Jacket 720,3.8,3,XXL,Unisex,2028320.0
2025-05-24T09:20:23.848751,T-shirt 722,3.2,3,M,Women,8724320.0
2025-05-24T09:20:23.849717,Hoodie 723,3.4,3,L,Unisex,5664800.0
2025-05-24T09:20:23.849717,Pants 724,4.7,3,XL,Men,4824800.0
2025-05-24T09:20:23.850714,Outerwear 725,3.0,3,XXL,Women,4979200.0
2025-05-24T09:20:23.850714,Jacket 726,3.5,3,S,Unisex,6345920.0
2025-05-24T09:20:23.850714,Crewneck 727,4.8,3,M,Men,4024000.0
2025-05-24T09:20:23.850714,T-shirt 728,3.0,3,L,Women,8173440.0
2025-05-24T09:20:23.851744,Hoodie 729,3.6,3,XL,Unisex,6431360.0
2025-05-24T09:20:23.851744,Pants 730,4.5,3,XXL,Men,7228800.0
2025-05-24T09:20:23.851744,Jacket 732,3.9,3,M,Unisex,6597600.0
2025-05-24T09:20:23.851744,Crewneck 733,4.7,3,L,Men,1162880.0
2025-05-24T09:20:23.851744,T-shirt 734,4.2,3,XL,Women,6858560.0
2025-05-24T09:20:23.851744,Hoodie 735,4.0,3,XXL,Unisex,4664320.0
2025-05-24T09:20:23.852760,Outerwear 737,4.7,3,M,Women,1015680.0
2025-05-24T09:20:23.853980,Jacket 738,3.7,3,L,Unisex,1893920.0
2025-05-24T09:20:23.853980,Crewneck 739,3.3,3,XL,Men,8072960.0
2025-05-24T09:20:23.853980,T-shirt 740,3.4,3,XXL,Women,7016640.0
2025-05-24T09:20:25.435450,Pants 742,3.6,3,M,Men,5626080.0
2025-05-24T09:20:25.435450,Outerwear 743,3.0,3,L,Women,5678080.0
2025-05-24T09:20:25.435450,Jacket 744,4.1,3,XL,Unisex,5175680.0
2025-05-24T09:20:25.435450,Crewneck 745,3.8,3,XXL,Men,2882560.0
2025-05-24T09:20:25.436451,T-shirt 746,5.0,3,S,Women,1517440.0
2025-05-24T09:20:25.436451,Hoodie 747,4.7,3,M,Unisex,6326880.0
2025-05-24T09:20:25.436451,Pants 748,3.7,3,L,Men,3134080.0
2025-05-24T09:20:25.436451,Outerwear 749,3.2,3,XL,Women,2627360.0
2025-05-24T09:20:25.437448,Jacket 750,3.7,3,XXL,Unisex,1030400.0000000001
2025-05-24T09:20:25.437448,T-shirt 752,3.8,3,M,Women,7431520.0
2025-05-24T09:20:25.437448,Hoodie 753,4.8,3,L,Unisex,8137600.0
2025-05-24T09:20:25.438447,Pants 754,3.1,3,XL,Men,7229760.0
2025-05-24T09:20:25.438447,Outerwear 755,4.6,3,XXL,Women,6910400.0
2025-05-24T09:20:25.438447,Jacket 756,3.1,3,S,Unisex,7128000.0
2025-05-24T09:20:25.438447,Crewneck 757,4.4,3,M,Men,7582720.0
2025-05-24T09:20:25.439446,T-shirt 758,3.1,3,L,Women,6025920.0
2025-05-24T09:20:25.439446,Hoodie 759,4.7,3,XL,Unisex,2779840.0
2025-05-24T09:20:25.439446,Pants 760,4.1,3,XXL,Men,2191040.0
2025-05-24T09:20:26.806062,Jacket 762,4.9,3,M,Unisex,4091840.0
2025-05-24T09:20:26.806062,Crewneck 763,3.9,3,L,Men,5792640.0
2025-05-24T09:20:26.807118,T-shirt 764,3.4,3,XL,Women,7211680.0
2025-05-24T09:20:26.807626,Hoodie 765,4.9,3,XXL,Unisex,1343360.0
2025-05-24T09:20:26.807626,Outerwear 767,4.5,3,M,Women,4152800.0
2025-05-24T09:20:26.807626,Jacket 768,4.9,3,L,Unisex,5662080.0
2025-05-24T09:20:26.808638,Crewneck 769,3.3,3,XL,Men,6294560.0
2025-05-24T09:20:26.808638,T-shirt 770,3.5,3,XXL,Women,1655040.0
2025-05-24T09:20:26.808638,Pants 772,3.4,3,M,Men,8748160.0
2025-05-24T09:20:26.809704,Outerwear 773,3.2,3,L,Women,3393600.0
2025-05-24T09:20:26.809704,Jacket 774,4.1,3,XL,Unisex,1485760.0
2025-05-24T09:20:26.809704,Crewneck 775,3.1,3,XXL,Men,8189440.0
2025-05-24T09:20:26.810708,T-shirt 776,3.7,3,S,Women,5333120.0
2025-05-24T09:20:26.810708,Hoodie 777,3.4,3,M,Unisex,6104800.0
2025-05-24T09:20:26.810708,Pants 778,4.2,3,L,Men,6034720.0
2025-05-24T09:20:26.810708,Outerwear 779,3.2,3,XL,Women,5816480.0
2025-05-24T09:20:26.810708,Jacket 780,3.4,3,XXL,Unisex,2767520.0
2025-05-24T09:20:27.917562,T-shirt 782,4.5,3,M,Women,4117439.9999999995
2025-05-24T09:20:27.918565,Hoodie 783,3.0,3,L,Unisex,2510720.0
2025-05-24T09:20:27.918565,Pants 784,3.0,3,XL,Men,5341280.0
2025-05-24T09:20:27.918565,Outerwear 785,4.3,3,XXL,Women,6444480.0
2025-05-24T09:20:27.918565,Jacket 786,5.0,3,S,Unisex,6749280.0
2025-05-24T09:20:27.919563,Crewneck 787,4.7,3,M,Men,4593600.0
2025-05-24T09:20:27.919563,T-shirt 788,4.7,3,L,Women,3041120.0
2025-05-24T09:20:27.919563,Hoodie 789,4.0,3,XL,Unisex,2153280.0
2025-05-24T09:20:27.919563,Pants 790,3.2,3,XXL,Men,1708320.0
2025-05-24T09:20:27.920602,Jacket 792,3.8,3,M,Unisex,4068960.0
2025-05-24T09:20:27.920602,Crewneck 793,4.0,3,L,Men,8650080.0
2025-05-24T09:20:27.921568,T-shirt 794,4.0,3,XL,Women,5983040.0
2025-05-24T09:20:27.921568,Hoodie 795,3.9,3,XXL,Unisex,4209600.0
2025-05-24T09:20:27.921568,Outerwear 797,4.9,3,M,Women,2771360.0
2025-05-24T09:20:27.923126,Jacket 798,3.4,3,L,Unisex,4391040.0
2025-05-24T09:20:27.923126,Crewneck 799,4.2,3,XL,Men,4048800.0
2025-05-24T09:20:27.923126,T-shirt 800,4.6,3,XXL,Women,7433280.0
2025-05-24T09:20:29.197211,Pants 802,4.4,3,M,Men,5710240.0
2025-05-24T09:20:29.197211,Outerwear 803,4.3,3,L,Women,1875360.0
2025-05-24T09:20:29.197211,Jacket 804,3.9,3,XL,Unisex,4459040.0
2025-05-24T09:20:29.198500,Crewneck 805,4.8,3,XXL,Men,3266720.0
2025-05-24T09:20:29.198500,T-shirt 806,3.0,3,S,Women,7310560.0
2025-05-24T09:20:29.198500,Hoodie 807,4.7,3,M,Unisex,5016000.0
2025-05-24T09:20:29.198500,Pants 808,3.2,3,L,Men,8717760.0
2025-05-24T09:20:29.198500,Outerwear 809,3.7,3,XL,Women,7162560.0
2025-05-24T09:20:29.198500,Jacket 810,4.8,3,XXL,Unisex,3796640.0
2025-05-24T09:20:29.199563,T-shirt 812,4.2,3,M,Women,6406080.0
2025-05-24T09:20:29.199563,Hoodie 813,5.0,3,L,Unisex,4872800.0
2025-05-24T09:20:29.199563,Pants 814,4.7,3,XL,Men,1110080.0
2025-05-24T09:20:29.199563,Outerwear 815,4.8,3,XXL,Women,5985440.0
2025-05-24T09:20:29.199563,Jacket 816,4.5,3,S,Unisex,1649120.0
2025-05-24T09:20:29.199563,Crewneck 817,4.4,3,M,Men,8744160.0
2025-05-24T09:20:29.200568,T-shirt 818,3.8,3,L,Women,5160320.0
2025-05-24T09:20:29.200568,Hoodie 819,4.7,3,XL,Unisex,4742400.0
2025-05-24T09:20:29.200568,Pants 820,3.4,3,XXL,Men,6030720.0
2025-05-24T09:20:30.245689,Jacket 822,4.2,3,M,Unisex,838240.0
2025-05-24T09:20:30.245689,Crewneck 823,4.7,3,L,Men,6103520.0
2025-05-24T09:20:30.245689,T-shirt 824,4.1,3,XL,Women,3301440.0
2025-05-24T09:20:30.245689,Hoodie 825,3.8,3,XXL,Unisex,1058400.0
2025-05-24T09:20:30.245689,Outerwear 827,4.8,3,M,Women,7091040.0
2025-05-24T09:20:30.245689,Jacket 828,4.6,3,L,Unisex,2324000.0
2025-05-24T09:20:30.245689,Crewneck 829,4.4,3,XL,Men,4630400.0
2025-05-24T09:20:30.246712,T-shirt 830,3.0,3,XXL,Women,4496480.0
2025-05-24T09:20:30.246712,Pants 832,4.6,3,M,Men,3955360.0
2025-05-24T09:20:30.246712,Outerwear 833,3.0,3,L,Women,7101280.0
2025-05-24T09:20:30.246712,Jacket 834,3.1,3,XL,Unisex,7223680.0
2025-05-24T09:20:30.246712,Crewneck 835,3.9,3,XXL,Men,7143360.0
2025-05-24T09:20:30.247691,T-shirt 836,4.1,3,S,Women,6065440.0
2025-05-24T09:20:30.247691,Hoodie 837,5.0,3,M,Unisex,5532640.0
2025-05-24T09:20:30.247691,Pants 838,3.1,3,L,Men,2848800.0
2025-05-24T09:20:30.247691,Outerwear 839,3.9,3,XL,Women,4208320.0
2025-05-24T09:20:30.247691,Jacket 840,3.6,3,XXL,Unisex,8164640.0
2025-05-24T09:20:31.798513,T-shirt 842,3.3,3,M,Women,2859040.0
2025-05-24T09:20:31.798513,Hoodie 843,3.6,3,L,Unisex,2997120.0
2025-05-24T09:20:31.798513,Pants 844,3.9,3,XL,Men,7422880.0
2025-05-24T09:20:31.798513,Outerwear 845,3.2,3,XXL,Women,2023200.0
2025-05-24T09:20:31.798513,Jacket 846,3.6,3,S,Unisex,7480480.0
2025-05-24T09:20:31.800024,Crewneck 847,3.7,3,M,Men,4789920.0
2025-05-24T09:20:31.800024,T-shirt 848,4.1,3,L,Women,6134240.0
2025-05-24T09:20:31.800024,Hoodie 849,3.5,3,XL,Unisex,7816160.0
2025-05-24T09:20:31.800024,Pants 850,4.2,3,XXL,Men,4144160.0
2025-05-24T09:20:31.801040,Jacket 852,4.1,3,M,Unisex,2777280.0
2025-05-24T09:20:31.801040,Crewneck 853,3.4,3,L,Men,2643840.0
2025-05-24T09:20:31.801040,T-shirt 854,4.5,3,XL,Women,1600000.0
2025-05-24T09:20:31.801040,Hoodie 855,5.0,3,XXL,Unisex,3249760.0
2025-05-24T09:20:31.802042,Outerwear 857,3.0,3,M,Women,4532800.0
2025-05-24T09:20:31.802042,Jacket 858,3.7,3,L,Unisex,3748640.0
2025-05-24T09:20:31.802042,Crewneck 859,3.0,3,XL,Men,6418560.0
2025-05-24T09:20:31.802042,T-shirt 860,4.7,3,XXL,Women,2419360.0
2025-05-24T09:20:33.089265,Pants 862,3.3,3,M,Men,4131359.9999999995
2025-05-24T09:20:33.089265,Outerwear 863,4.0,3,L,Women,1071360.0
2025-05-24T09:20:33.090251,Jacket 864,4.5,3,XL,Unisex,2168000.0
2025-05-24T09:20:33.090251,Crewneck 865,3.9,3,XXL,Men,6805120.0
2025-05-24T09:20:33.090251,T-shirt 866,3.2,3,S,Women,2399040.0
2025-05-24T09:20:33.090251,Hoodie 867,3.3,3,M,Unisex,1303840.0
2025-05-24T09:20:33.090251,Pants 868,4.6,3,L,Men,7473760.0
2025-05-24T09:20:33.090251,Outerwear 869,4.5,3,XL,Women,6040320.0
2025-05-24T09:20:33.090251,Jacket 870,3.5,3,XXL,Unisex,6395040.0
2025-05-24T09:20:33.092761,T-shirt 872,4.3,3,M,Women,1343680.0
2025-05-24T09:20:33.092761,Hoodie 873,4.8,3,L,Unisex,8321600.0
2025-05-24T09:20:33.092761,Pants 874,4.4,3,XL,Men,2755200.0
2025-05-24T09:20:33.092761,Outerwear 875,4.6,3,XXL,Women,2506720.0
2025-05-24T09:20:33.092761,Jacket 876,4.6,3,S,Unisex,3225760.0
2025-05-24T09:20:33.093775,Crewneck 877,4.6,3,M,Men,4552640.0
2025-05-24T09:20:33.093775,T-shirt 878,4.7,3,L,Women,4809760.0
2025-05-24T09:20:33.093775,Hoodie 879,3.1,3,XL,Unisex,1026880.0000000001
2025-05-24T09:20:33.093775,Pants 880,4.3,3,XXL,Men,6497760.0
2025-05-24T09:20:34.431604,Jacket 882,3.3,3,M,Unisex,6420960.0
2025-05-24T09:20:34.431604,Crewneck 883,3.6,3,L,Men,5901120.0
2025-05-24T09:20:34.431604,T-shirt 884,4.3,3,XL,Women,7414720.0
2025-05-24T09:20:34.431604,Hoodie 885,3.4,3,XXL,Unisex,4760640.0
2025-05-24T09:20:34.431604,Outerwear 887,3.8,3,M,Women,7806400.0
2025-05-24T09:20:34.431604,Jacket 888,4.2,3,L,Unisex,7869280.0
2025-05-24T09:20:34.431604,Crewneck 889,4.6,3,XL,Men,6333920.0
2025-05-24T09:20:34.431604,T-shirt 890,4.7,3,XXL,Women,6439040.0
2025-05-24T09:20:34.431604,Pants 892,4.4,3,M,Men,8515360.0
2025-05-24T09:20:34.433173,Outerwear 893,3.2,3,L,Women,2673600.0
2025-05-24T09:20:34.433173,Jacket 894,4.8,3,XL,Unisex,2946560.0
2025-05-24T09:20:34.433173,Crewneck 895,4.3,3,XXL,Men,1126720.0
2025-05-24T09:20:34.433173,T-shirt 896,4.9,3,S,Women,7873760.0
2025-05-24T09:20:34.433173,Hoodie 897,3.1,3,M,Unisex,6077920.0
2025-05-24T09:20:34.433173,Pants 898,4.1,3,L,Men,8408640.0
2025-05-24T09:20:34.433173,Outerwear 899,4.8,3,XL,Women,6192960.0
2025-05-24T09:20:34.433173,Jacket 900,3.3,3,XXL,Unisex,7214240.0
2025-05-24T09:20:35.885947,T-shirt 902,3.6,3,M,Women,3164000.0
2025-05-24T09:20:35.885947,Hoodie 903,4.1,3,L,Unisex,2617920.0
2025-05-24T09:20:35.885947,Pants 904,3.9,3,XL,Men,3356320.0
2025-05-24T09:20:35.885947,Outerwear 905,4.9,3,XXL,Women,5027840.0
2025-05-24T09:20:35.885947,Jacket 906,3.9,3,S,Unisex,4301760.0
2025-05-24T09:20:35.885947,Crewneck 907,4.9,3,M,Men,8732640.0
2025-05-24T09:20:35.886999,T-shirt 908,4.2,3,L,Women,7954880.0
2025-05-24T09:20:35.886999,Hoodie 909,3.6,3,XL,Unisex,8383840.0
2025-05-24T09:20:35.886999,Pants 910,4.7,3,XXL,Men,2395200.0
2025-05-24T09:20:35.887947,Jacket 912,4.9,3,M,Unisex,7853280.0
2025-05-24T09:20:35.887947,Crewneck 913,3.5,3,L,Men,3222240.0
2025-05-24T09:20:35.888950,T-shirt 914,4.6,3,XL,Women,5799200.0
2025-05-24T09:20:35.888950,Hoodie 915,4.2,3,XXL,Unisex,2649120.0
2025-05-24T09:20:35.888950,Outerwear 917,4.0,3,M,Women,6061600.0
2025-05-24T09:20:35.889958,Jacket 918,3.3,3,L,Unisex,5380800.0
2025-05-24T09:20:35.889958,Crewneck 919,4.7,3,XL,Men,8364000.0
2025-05-24T09:20:35.889958,T-shirt 920,3.2,3,XXL,Women,3706080.0
2025-05-24T09:20:37.388453,Pants 922,4.4,3,M,Men,1210880.0
2025-05-24T09:20:37.388453,Outerwear 923,3.7,3,L,Women,2435840.0
2025-05-24T09:20:37.389805,Jacket 924,3.8,3,XL,Unisex,3764320.0
2025-05-24T09:20:37.389805,Crewneck 925,4.5,3,XXL,Men,7900800.0
2025-05-24T09:20:37.389805,T-shirt 926,4.6,3,S,Women,1911040.0
2025-05-24T09:20:37.389805,Hoodie 927,3.5,3,M,Unisex,7706400.0
2025-05-24T09:20:37.390817,Pants 928,3.4,3,L,Men,3911680.0
2025-05-24T09:20:37.390817,Outerwear 929,3.3,3,XL,Women,1253440.0
2025-05-24T09:20:37.390817,Jacket 930,4.9,3,XXL,Unisex,1741120.0
2025-05-24T09:20:37.392013,T-shirt 932,4.2,3,M,Women,5937600.0
2025-05-24T09:20:37.392013,Hoodie 933,3.4,3,L,Unisex,4960800.0
2025-05-24T09:20:37.392013,Pants 934,3.6,3,XL,Men,2248160.0
2025-05-24T09:20:37.393020,Outerwear 935,4.1,3,XXL,Women,6048000.0
2025-05-24T09:20:37.393020,Jacket 936,3.1,3,S,Unisex,6165440.0
2025-05-24T09:20:37.393020,Crewneck 937,4.1,3,M,Men,2475360.0
2025-05-24T09:20:37.393020,T-shirt 938,3.6,3,L,Women,4058400.0
2025-05-24T09:20:37.394060,Hoodie 939,4.8,3,XL,Unisex,4466080.0
2025-05-24T09:20:37.394060,Pants 940,3.7,3,XXL,Men,5776000.0
2025-05-24T09:20:39.085425,Jacket 942,3.0,3,M,Unisex,7972960.0
2025-05-24T09:20:39.086330,Crewneck 943,4.4,3,L,Men,4571040.0
2025-05-24T09:20:39.086330,T-shirt 944,4.6,3,XL,Women,1578240.0
2025-05-24T09:20:39.086330,Hoodie 945,4.2,3,XXL,Unisex,2107680.0
2025-05-24T09:20:39.087329,Outerwear 947,4.6,3,M,Women,7079680.0
2025-05-24T09:20:39.087329,Jacket 948,3.9,3,L,Unisex,4600480.0
2025-05-24T09:20:39.087329,Crewneck 949,4.4,3,XL,Men,1844320.0
2025-05-24T09:20:39.088328,T-shirt 950,4.9,3,XXL,Women,7691680.0
2025-05-24T09:20:39.088328,Pants 952,3.7,3,M,Men,7155040.0
2025-05-24T09:20:39.088328,Outerwear 953,3.8,3,L,Women,8423200.0
2025-05-24T09:20:39.089328,Jacket 954,4.1,3,XL,Unisex,3878720.0
2025-05-24T09:20:39.089328,Crewneck 955,4.7,3,XXL,Men,7006560.0
2025-05-24T09:20:39.089328,T-shirt 956,3.1,3,S,Women,4457600.0
2025-05-24T09:20:39.090328,Hoodie 957,4.4,3,M,Unisex,4024320.0
2025-05-24T09:20:39.090328,Pants 958,4.8,3,L,Men,3946240.0
2025-05-24T09:20:39.091332,Outerwear 959,4.6,3,XL,Women,6828480.0
2025-05-24T09:20:39.091332,Jacket 960,4.5,3,XXL,Unisex,5840160.0
2025-05-24T09:20:40.239097,T-shirt 962,4.1,3,M,Women,2887840.0
2025-05-24T09:20:40.239097,Hoodie 963,4.6,3,L,Unisex,7916160.0
2025-05-24T09:20:40.239097,Pants 964,3.3,3,XL,Men,3885280.0
2025-05-24T09:20:40.239097,Outerwear 965,4.5,3,XXL,Women,3107200.0
2025-05-24T09:20:40.239097,Jacket 966,4.9,3,S,Unisex,8499520.0
2025-05-24T09:20:40.240096,Crewneck 967,3.5,3,M,Men,1744000.0
2025-05-24T09:20:40.240096,T-shirt 968,4.4,3,L,Women,4045120.0
2025-05-24T09:20:40.240096,Hoodie 969,3.8,3,XL,Unisex,4231840.0
2025-05-24T09:20:40.240096,Pants 970,4.6,3,XXL,Men,952960.0
2025-05-24T09:20:40.241092,Jacket 972,4.4,3,M,Unisex,7272000.0
2025-05-24T09:20:40.241092,Crewneck 973,3.9,3,L,Men,7134400.0
2025-05-24T09:20:40.241092,T-shirt 974,3.0,3,XL,Women,4769280.0
2025-05-24T09:20:40.241092,Hoodie 975,3.6,3,XXL,Unisex,4816000.0
2025-05-24T09:20:40.243094,Outerwear 977,3.6,3,M,Women,3356000.0
2025-05-24T09:20:40.243094,Jacket 978,3.6,3,L,Unisex,3918240.0
2025-05-24T09:20:40.244229,Crewneck 979,3.4,3,XL,Men,4848480.0
2025-05-24T09:20:40.244624,T-shirt 980,3.1,3,XXL,Women,6544000.0
2025-05-24T09:20:41.566253,Pants 982,4.9,3,M,Men,7281760.0
2025-05-24T09:20:41.566253,Outerwear 983,3.2,3,L,Women,5762560.0
2025-05-24T09:20:41.567206,Jacket 984,3.8,3,XL,Unisex,7349440.0
2025-05-24T09:20:41.567206,Crewneck 985,4.3,3,XXL,Men,6236000.0
2025-05-24T09:20:41.567206,T-shirt 986,4.5,3,S,Women,6713760.0
2025-05-24T09:20:41.567206,Hoodie 987,4.7,3,M,Unisex,4008000.0
2025-05-24T09:20:41.567206,Pants 988,3.5,3,L,Men,2054239.9999999998
2025-05-24T09:20:41.568204,Outerwear 989,4.2,3,XL,Women,6869440.0
2025-05-24T09:20:41.568204,Jacket 990,4.2,3,XXL,Unisex,3327360.0
2025-05-24T09:20:41.568204,T-shirt 992,4.9,3,M,Women,4840480.0
2025-05-24T09:20:41.569203,Hoodie 993,3.4,3,L,Unisex,6361920.0
2025-05-24T09:20:41.569203,Pants 994,4.4,3,XL,Men,1693760.0
2025-05-24T09:20:41.569203,Outerwear 995,3.2,3,XXL,Women,8046720.0
2025-05-24T09:20:41.569203,Jacket 996,4.3,3,S,Unisex,6942400.0
2025-05-24T09:20:41.570203,Crewneck 997,3.9,3,M,Men,5321280.0
2025-05-24T09:20:41.570203,T-shirt 998,4.2,3,L,Women,908000.0
2025-05-24T09:20:41.570203,Hoodie 999,4.8,3,XL,Unisex,8534240.0
2025-05-24T09:20:41.571262,Pants 1000,4.7,3,XXL,Men,2938240.0
